<application>
  <component name="FileTypeManager" version="17">
    <extensionMap>
      <mapping pattern="test" type="PLAIN_TEXT" />
      <mapping pattern="HHYDzPr4MaPzZuK85XsCpkaFPzgagUrf1V3n2-T1fR0" type="PLAIN_TEXT" />
      <mapping pattern="_quick-links" type="PLAIN_TEXT" />
      <mapping pattern="Callback" type="PLAIN_TEXT" />
      <mapping pattern=".gitkeep" type="PLAIN_TEXT" />
      <mapping pattern="startproject" type="PLAIN_TEXT" />
      <mapping ext="pgp" type="PLAIN_TEXT" />
      <mapping pattern="*.twig.php" type="Twig" />
    </extensionMap>
  </component>
</application>