<application>
  <component name="FindSettings">
    <option name="customScope" value="Project 'php-youtube-api'" />
    <option name="defaultScopeName" value="Project 'php-youtube-api'" />
    <option name="SEARCH_SCOPE" value="Project 'php-youtube-api'" />
    <option name="FILE_MASK" value="*.yml" />
    <mask>*.properties</mask>
    <mask>*.html</mask>
    <mask>*.jsp</mask>
    <mask>*.xml</mask>
    <mask>*.java</mask>
    <mask>*.as</mask>
    <mask>*.mxml</mask>
    <mask>*.css</mask>
    <mask>*.js</mask>
    <mask>*.ss</mask>
    <mask>*.scss</mask>
    <mask>*.php</mask>
    <mask>*.yml</mask>
  </component>
</application>