<application>
  <component name="ParameterNameHintsSettings">
    <blacklists>
      <blacklist language="PHP">
        <added pattern="\Carbon\Carbon.createFromFormat(format,time,timezone)" />
        <added pattern="\app\Models\TrackedPeriod.setNewActivePeriod(user,type)" />
        <added pattern="\isInRepeated(timeToCheck,format,duration)" />
        <added pattern="\FieldList.addFieldToTab(tabName,field,insertBefore)" />
        <added pattern="\SilverStripe\Forms\FieldList.addFieldToTab(tabName,field,insertBefore)" />
        <added pattern="\SilverStripe\Core\Injector\Injectable.create(args)" />
        <added pattern="\dirname(path,levels)" />
        <added pattern="\Grasenhiller\YoutubeAPI\Builder\YoutubeOptionsBuilder.setDownloadPath(path,createIfNotThere)" />
      </blacklist>
    </blacklists>
  </component>
</application>