<application>
  <component name="ProjectManager">
    <defaultProject>
      <component name="JsFlowSettings">
        <service-enabled>true</service-enabled>
        <exe-path />
        <other-services-enabled>true</other-services-enabled>
        <auto-save>true</auto-save>
      </component>
      <component name="NodePackageJsonFileManager">
        <packageJsonPaths />
      </component>
      <component name="PhpProjectSharedConfiguration" php_language_level="7.2" />
      <component name="PropertiesComponent">
        <property name="last_opened_file_path" value="/var/www/loc/ss4/vendor/silverstripe/versioned" />
        <property name="nodejs_interpreter_path.stuck_in_default_project" value="undefined stuck path" />
        <property name="nodejs_npm_path_reset_for_default_project" value="true" />
        <property name="settings.editor.selected.configurable" value="Errors" />
      </component>
    </defaultProject>
  </component>
</application>